rank,name,playerID,start,end,k,WAR_sum,WAR_avg,war_seq,role_label,pos_group,franch_peak,league,age_start,short,skipped_years,WAR_bat,WAR_pit
1,Walter Johnson,johnswa01,1910,1919,10,120.26,12.03,11.0 / 9.0 / 15.4 / 16.6 / 13.1 / 12.8 / 11.2 / 8.4 / 11.8 / 11.0,Pitcher,P,MIN,AL,22,TRUE,0,8.85,111.41
2,Babe Ruth,ruthba01,1919,1928,10,103.86,10.39,10.0 / 11.8 / 12.6 / 6.4 / 14.1 / 11.3 / 3.5 / 11.4 / 12.6 / 10.2,Two-way / mixed,OF,NYY,AL,24,TRUE,0,103.46,0.4
3,Kid Nichols,nichoki01,1890,1899,10,97.28,9.73,13.0 / 9.3 / 8.8 / 11.7 / 8.2 / 9.5 / 6.2 / 11.1 / 11.8 / 7.6,Pitcher,P,ATL,NL,20,FALSE,0,-1.52,98.8
4,Willie Mays,mayswi01,1957,1966,10,96.88,9.69,8.3 / 10.2 / 7.8 / 9.5 / 8.7 / 10.5 / 10.6 / 11.0 / 11.2 / 9.0,Hitter,OF,SFG,NL,26,FALSE,0,96.88,0
5,Cy Young,youngcy01,1892,1901,10,96.33,9.63,13.0 / 10.6 / 8.5 / 11.6 / 10.5 / 6.8 / 7.6 / 8.2 / 7.1 / 12.4,Pitcher,P,CLV,Mixed,25,FALSE,0,-2.9,99.23
6,Rogers Hornsby,hornsro01,1920,1929,10,93.85,9.38,9.7 / 10.9 / 10.1 / 6.8 / 12.1 / 10.2 / 4.4 / 10.2 / 8.9 / 10.6,Hitter,2B,STL,NL,24,FALSE,0,93.85,0
7,Lou Gehrig,gehrilo01,1927,1936,10,90.39,9.04,11.8 / 9.5 / 7.5 / 9.6 / 8.6 / 8.2 / 7.1 / 10.0 / 8.3 / 9.7,Hitter,1B,NYY,AL,24,FALSE,0,90.39,0
8,Barry Bonds,bondsba01,1995,2004,10,88.37,8.84,7.5 / 9.6 / 8.2 / 8.1 / 3.8 / 7.7 / 11.9 / 11.7 / 9.2 / 10.6,Hitter,OF,SFG,NL,30,TRUE,0,88.37,0
9,Christy Mathewson,mathech01,1903,1912,10,87.65,8.77,10.8 / 6.0 / 10.5 / 3.3 / 8.8 / 11.8 / 10.6 / 9.1 / 8.2 / 8.5,Pitcher,P,SFG,NL,22,FALSE,0,5.32,82.33
10,Ty Cobb,cobbty01,1909,1918,10,86.99,8.7,9.9 / 10.3 / 10.5 / 8.8 / 7.0 / 5.5 / 9.5 / 8.0 / 11.0 / 6.4,Hitter,OF,DET,AL,22,TRUE,0,87,-0.01
11,Honus Wagner,wagneho01,1900,1909,10,86.38,8.64,6.8 / 7.2 / 7.3 / 7.6 / 8.3 / 10.2 / 9.3 / 9.0 / 11.5 / 9.2,Hitter,SS,PIT,NL,26,FALSE,0,86.39,-0.01
12,Mickey Mantle,mantlmi01,1952,1961,10,83.26,8.33,6.3 / 5.8 / 6.9 / 9.5 / 11.2 / 11.3 / 8.7 / 6.6 / 6.3 / 10.4,Hitter,OF,NYY,AL,20,FALSE,0,83.26,0
13,Pete Alexander,alexape01,1911,1920,10,83.08,8.31,7.9 / 6.3 / 6.0 / 9.3 / 10.9 / 12.1 / 9.8 / 0.6 / 7.5 / 12.7,Two-way / mixed,P,CHC,NL,24,TRUE,0,1.61,81.47
14,Hank Aaron,aaronha01,1958,1967,10,82.19,8.22,7.3 / 8.6 / 8.0 / 9.4 / 8.6 / 9.1 / 6.8 / 7.9 / 7.8 / 8.5,Hitter,OF,ATL,NL,24,FALSE,0,82.19,0
15,John Clarkson,clarkjo01,1885,1894,10,81.85,8.19,12.8 / 6.8 / 15.0 / 4.2 / 16.2 / 8.9 / 9.9 / 5.1 / 0.7 / 2.3,Pitcher,P,ATL,NL,23,FALSE,0,-2.12,83.97
16,Albert Pujols,pujolal01,2001,2010,10,81.37,8.14,6.6 / 5.5 / 8.6 / 8.5 / 8.4 / 8.5 / 8.7 / 9.2 / 9.7 / 7.5,Hitter,1B,STL,NL,21,FALSE,0,81.37,0
17,Alex Rodriguez,rodrial01,1996,2005,10,81.16,8.12,9.4 / 5.6 / 8.5 / 4.8 / 10.4 / 8.3 / 8.8 / 8.4 / 7.6 / 9.4,Hitter,SS,SEA,AL,20,FALSE,0,81.16,0
18,Lefty Grove,grovele01,1928,1937,10,79.47,7.95,7.2 / 7.4 / 10.3 / 10.0 / 9.2 / 7.3 / -0.6 / 8.8 / 10.6 / 9.2,Pitcher,P,BOS,AL,28,FALSE,0,-3.5,82.97
19,Mike Schmidt,schmimi01,1974,1983,10,79.19,7.92,9.7 / 7.7 / 8.0 / 8.8 / 6.2 / 7.9 / 8.9 / 7.7 / 7.4 / 6.9,Hitter,3B,PHI,NL,24,TRUE,0,79.19,0
20,Tris Speaker,speaktr01,1912,1921,10,79.04,7.9,10.1 / 8.8 / 9.9 / 7.1 / 8.9 / 7.9 / 5.8 / 5.4 / 8.7 / 6.6,Hitter,OF,BOS,AL,24,TRUE,0,79.11,-0.07
21,Stan Musial,musiast01,1946,1955,10,78.64,7.86,9.3 / 5.1 / 11.3 / 9.1 / 7.2 / 8.8 / 7.5 / 7.6 / 6.5 / 6.2,Hitter,OF,STL,NL,25,FALSE,0,78.64,0
22,Tim Keefe,keefeti01,1880,1889,10,77.66,7.77,4.6 / 3.3 / 5.2 / 20.2 / 8.3 / 6.6 / 9.4 / 7.5 / 9.1 / 3.4,Pitcher,P,NYP,Mixed,23,FALSE,0,-0.34,78
23,Eddie Collins,collied01,1909,1918,10,77.51,7.75,9.7 / 9.8 / 6.7 / 8.8 / 9.4 / 8.9 / 9.1 / 7.0 / 5.0 / 3.0,Hitter,2B,OAK,AL,22,TRUE,0,77.51,0
24,Jim McCormick,mccorji01,1878,1887,10,76.19,7.62,2.0 / 9.8 / 10.8 / 7.0 / 10.9 / 8.2 / 14.8 / 2.6 / 7.2 / 2.8,Pitcher,P,CBL,NL,21,FALSE,0,0.2,75.99
25,Tom Seaver,seaveto01,1968,1977,10,75.57,7.56,7.0 / 7.2 / 6.4 / 10.9 / 5.6 / 11.0 / 5.8 / 8.2 / 5.2 / 8.4,Pitcher,P,NYM,NL,23,FALSE,0,2.51,73.06
26,Mike Trout,troutmi01,2012,2021,10,75.4,7.54,10.5 / 8.9 / 7.7 / 9.5 / 10.4 / 6.9 / 9.9 / 7.8 / 1.8 / 1.9,Hitter,OF,ANA,AL,20,TRUE,0,75.4,0
27,Nap Lajoie,lajoina01,1901,1910,10,75.13,7.51,8.3 / 5.0 / 7.9 / 8.5 / 3.0 / 10.0 / 7.6 / 7.9 / 6.5 / 10.3,Hitter,2B,CLE,AL,26,FALSE,0,75.13,0
28,Old Hoss Radbourn,radboch01,1881,1890,10,74.85,7.48,3.9 / 7.9 / 14.3 / 19.4 / 8.5 / 4.7 / 2.2 / 1.5 / 4.6 / 7.8,Two-way / mixed,P,PRO,Mixed,26,FALSE,0,2.42,72.43
29,Bob Gibson,gibsobo01,1964,1973,10,72.9,7.29,6.0 / 7.6 / 6.4 / 2.7 / 11.9 / 11.3 / 10.1 / 5.0 / 7.8 / 4.2,Pitcher,P,STL,NL,28,FALSE,0,5.62,67.28
30,Pedro Martinez,martipe02,1996,2005,10,72.54,7.25,3.8 / 8.8 / 7.1 / 9.8 / 11.7 / 5.1 / 6.4 / 8.0 / 5.4 / 6.5,Pitcher,P,BOS,Mixed,24,FALSE,0,-1.21,73.75
