mode,rank,name,playerID,start,end,k,WAR_sum,WAR_avg,war_seq,role_label,pos_group,franch_peak,league,age_start,short,skipped_years,WAR_bat,WAR_pit
"strict (raw WAR, calendar-consecutive)",1,Walter Johnson,johnswa01,1912,1914,3,45.06,15.02,15.4 / 16.6 / 13.1,Pitcher,P,MIN,AL,24,FALSE,0,3.59,41.47
"strict (raw WAR, calendar-consecutive)",2,Old Hoss Radbourn,radboch01,1883,1885,3,42.25,14.08,14.3 / 19.4 / 8.5,Pitcher,P,PRO,NL,28,FALSE,0,2.64,39.61
"strict (raw WAR, calendar-consecutive)",3,Tommy Bond,bondto01,1877,1879,3,39.23,13.08,11.5 / 13.4 / 14.3,Pitcher,P,ATL,NL,21,FALSE,0,-0.71,39.94
"strict (raw WAR, calendar-consecutive)",4,Silver King,kingsi01,1888,1890,3,36.95,12.32,16.0 / 8.5 / 12.4,Pitcher,P,STL,Mixed,20,FALSE,0,0.77,36.18
"strict (raw WAR, calendar-consecutive)",5,John Clarkson,clarkjo01,1887,1889,3,35.37,11.79,15.0 / 4.2 / 16.2,Pitcher,P,ATL,NL,25,FALSE,0,-0.51,35.88
"strict (raw WAR, calendar-consecutive)",6,Tim Keefe,keefeti01,1883,1885,3,35.18,11.73,20.2 / 8.3 / 6.6,Pitcher,P,NYP,Mixed,26,FALSE,0,0.91,34.27
"strict (raw WAR, calendar-consecutive)",7,Babe Ruth,ruthba01,1919,1921,3,34.39,11.46,10.0 / 11.8 / 12.6,Two-way / mixed,OF,NYY,AL,24,TRUE,0,33.99,0.4
"strict (raw WAR, calendar-consecutive)",8,Ed Walsh,walshed01,1910,1912,3,34.31,11.44,11.8 / 9.7 / 12.8,Pitcher,P,CHW,AL,29,FALSE,0,1.34,32.97
"strict (raw WAR, calendar-consecutive)",9,Jim McCormick,mccorji01,1882,1884,3,33.95,11.32,10.9 / 8.2 / 14.8,Pitcher,P,CBL,NL,25,FALSE,0,-0.25,34.2
"strict (raw WAR, calendar-consecutive)",10,Bob Gibson,gibsobo01,1968,1970,3,33.21,11.07,11.9 / 11.3 / 10.1,Pitcher,P,STL,NL,32,FALSE,0,2.69,30.52
service-adjusted (known military gaps bridged),1,Walter Johnson,johnswa01,1912,1914,3,45.06,15.02,15.4 / 16.6 / 13.1,Pitcher,P,MIN,AL,24,FALSE,0,3.59,41.47
service-adjusted (known military gaps bridged),2,Old Hoss Radbourn,radboch01,1883,1885,3,42.25,14.08,14.3 / 19.4 / 8.5,Pitcher,P,PRO,NL,28,FALSE,0,2.64,39.61
service-adjusted (known military gaps bridged),3,Tommy Bond,bondto01,1877,1879,3,39.23,13.08,11.5 / 13.4 / 14.3,Pitcher,P,ATL,NL,21,FALSE,0,-0.71,39.94
service-adjusted (known military gaps bridged),4,Silver King,kingsi01,1888,1890,3,36.95,12.32,16.0 / 8.5 / 12.4,Pitcher,P,STL,Mixed,20,FALSE,0,0.77,36.18
service-adjusted (known military gaps bridged),5,John Clarkson,clarkjo01,1887,1889,3,35.37,11.79,15.0 / 4.2 / 16.2,Pitcher,P,ATL,NL,25,FALSE,0,-0.51,35.88
service-adjusted (known military gaps bridged),6,Tim Keefe,keefeti01,1883,1885,3,35.18,11.73,20.2 / 8.3 / 6.6,Pitcher,P,NYP,Mixed,26,FALSE,0,0.91,34.27
service-adjusted (known military gaps bridged),7,Babe Ruth,ruthba01,1919,1921,3,34.39,11.46,10.0 / 11.8 / 12.6,Two-way / mixed,OF,NYY,AL,24,TRUE,0,33.99,0.4
service-adjusted (known military gaps bridged),8,Ed Walsh,walshed01,1910,1912,3,34.31,11.44,11.8 / 9.7 / 12.8,Pitcher,P,CHW,AL,29,FALSE,0,1.34,32.97
service-adjusted (known military gaps bridged),9,Jim McCormick,mccorji01,1882,1884,3,33.95,11.32,10.9 / 8.2 / 14.8,Pitcher,P,CBL,NL,25,FALSE,0,-0.25,34.2
service-adjusted (known military gaps bridged),10,Bob Gibson,gibsobo01,1968,1970,3,33.21,11.07,11.9 / 11.3 / 10.1,Pitcher,P,STL,NL,32,FALSE,0,2.69,30.52
pace-adjusted (1918/19/81/94/95/2020 scaled to full season),1,Walter Johnson,johnswa01,1912,1914,3,45.06,15.02,15.4 / 16.6 / 13.1,Pitcher,P,MIN,AL,24,FALSE,0,3.59,41.47
pace-adjusted (1918/19/81/94/95/2020 scaled to full season),2,Old Hoss Radbourn,radboch01,1883,1885,3,42.25,14.08,14.3 / 19.4 / 8.5,Pitcher,P,PRO,NL,28,FALSE,0,2.64,39.61
pace-adjusted (1918/19/81/94/95/2020 scaled to full season),3,Tommy Bond,bondto01,1877,1879,3,39.23,13.08,11.5 / 13.4 / 14.3,Pitcher,P,ATL,NL,21,FALSE,0,-0.71,39.94
pace-adjusted (1918/19/81/94/95/2020 scaled to full season),4,Silver King,kingsi01,1888,1890,3,36.95,12.32,16.0 / 8.5 / 12.4,Pitcher,P,STL,Mixed,20,FALSE,0,0.77,36.18
pace-adjusted (1918/19/81/94/95/2020 scaled to full season),5,Babe Ruth,ruthba01,1919,1921,3,34.39,11.46,10.0 / 11.8 / 12.6,Two-way / mixed,OF,NYY,AL,24,TRUE,0,33.99,0.4
pace-adjusted (1918/19/81/94/95/2020 scaled to full season),6,John Clarkson,clarkjo01,1887,1889,3,35.37,11.79,15.0 / 4.2 / 16.2,Pitcher,P,ATL,NL,25,FALSE,0,-0.51,35.88
pace-adjusted (1918/19/81/94/95/2020 scaled to full season),7,Tim Keefe,keefeti01,1883,1885,3,35.18,11.73,20.2 / 8.3 / 6.6,Pitcher,P,NYP,Mixed,26,FALSE,0,0.91,34.27
pace-adjusted (1918/19/81/94/95/2020 scaled to full season),8,Ed Walsh,walshed01,1910,1912,3,34.31,11.44,11.8 / 9.7 / 12.8,Pitcher,P,CHW,AL,29,FALSE,0,1.34,32.97
pace-adjusted (1918/19/81/94/95/2020 scaled to full season),9,Jim McCormick,mccorji01,1882,1884,3,33.95,11.32,10.9 / 8.2 / 14.8,Pitcher,P,CBL,NL,25,FALSE,0,-0.25,34.2
pace-adjusted (1918/19/81/94/95/2020 scaled to full season),10,Bob Gibson,gibsobo01,1968,1970,3,33.21,11.07,11.9 / 11.3 / 10.1,Pitcher,P,STL,NL,32,FALSE,0,2.69,30.52
