threshold,rank,name,playerID,start,end,k,WAR_sum,WAR_avg,war_seq,role_label,pos_group,franch_peak,league,age_start,short,skipped_years,WAR_bat,WAR_pit
4,1,Tris Speaker,speaktr01,1909,1926,18,131.86,7.33,6.3 / 7.6 / 6.2 / 10.1 / 8.8 / 9.9 / 7.1 / 8.9 / 7.9 / 5.8 / 5.4 / 8.7 / 6.6 / 6.9 / 9.1 / 4.6 / 6.5 / 5.5,Hitter,OF,BOS,AL,21,TRUE,0,131.93,-0.07
4,2,Hank Aaron,aaronha01,1955,1971,17,130.57,7.68,6.2 / 7.2 / 8.0 / 7.3 / 8.6 / 8.0 / 9.4 / 8.6 / 9.1 / 6.8 / 7.9 / 7.8 / 8.5 / 6.8 / 8.0 / 5.0 / 7.2,Hitter,OF,ATL,NL,21,FALSE,0,130.57,0
4,3,Stan Musial,musiast01,1942,1958,16,118.06,7.38,5.3 / 9.5 / 8.9 / 9.3 / 5.1 / 11.3 / 9.1 / 7.2 / 8.8 / 7.5 / 7.6 / 6.5 / 6.2 / 5.5 / 6.1 / 4.1,Hitter,OF,STL,NL,21,FALSE,1,118.06,0
4,4,Alex Rodriguez,rodrial01,1996,2011,16,114.15,7.13,9.4 / 5.6 / 8.5 / 4.8 / 10.4 / 8.3 / 8.8 / 8.4 / 7.6 / 9.4 / 4.5 / 9.4 / 6.8 / 4.2 / 4.2 / 4.0,Hitter,SS,SEA,AL,20,FALSE,0,114.15,0
4,5,Cy Young,youngcy01,1891,1905,15,137.28,9.15,6.1 / 13.0 / 10.6 / 8.5 / 11.6 / 10.5 / 6.8 / 7.6 / 8.2 / 7.1 / 12.4 / 10.1 / 8.1 / 9.6 / 7.1,Pitcher,P,CLV,Mixed,24,FALSE,0,-1.52,138.8
4,6,Willie Mays,mayswi01,1954,1968,15,134.69,8.98,10.4 / 9.2 / 7.6 / 8.3 / 10.2 / 7.8 / 9.5 / 8.7 / 10.5 / 10.6 / 11.0 / 11.2 / 9.0 / 4.3 / 6.2,Hitter,OF,SFG,NL,23,FALSE,0,134.69,0
4,7,Rogers Hornsby,hornsro01,1916,1929,14,120.71,8.62,5.0 / 10.0 / 5.3 / 6.5 / 9.7 / 10.9 / 10.1 / 6.8 / 12.1 / 10.2 / 4.4 / 10.2 / 8.9 / 10.6,Hitter,2B,STL,NL,20,TRUE,0,120.71,0
4,8,Honus Wagner,wagneho01,1899,1912,14,112.9,8.06,6.0 / 6.8 / 7.2 / 7.3 / 7.6 / 8.3 / 10.2 / 9.3 / 9.0 / 11.5 / 9.2 / 5.4 / 6.8 / 8.4,Hitter,SS,PIT,NL,25,FALSE,0,112.91,-0.01
4,9,Mike Schmidt,schmimi01,1974,1987,14,103.52,7.39,9.7 / 7.7 / 8.0 / 8.8 / 6.2 / 7.9 / 8.9 / 7.7 / 7.4 / 6.9 / 7.0 / 5.0 / 6.2 / 6.1,Hitter,3B,PHI,NL,24,TRUE,0,103.52,0
4,10,Rickey Henderson,henderi01,1980,1993,14,96.21,6.87,8.8 / 6.7 / 6.7 / 6.9 / 6.0 / 9.9 / 6.3 / 4.7 / 6.3 / 8.7 / 9.9 / 4.6 / 5.6 / 5.0,Hitter,OF,OAK,AL,21,TRUE,0,96.21,0
5,1,Hank Aaron,aaronha01,1955,1971,17,130.57,7.68,6.2 / 7.2 / 8.0 / 7.3 / 8.6 / 8.0 / 9.4 / 8.6 / 9.1 / 6.8 / 7.9 / 7.8 / 8.5 / 6.8 / 8.0 / 5.0 / 7.2,Hitter,OF,ATL,NL,21,FALSE,0,130.57,0
5,2,Cy Young,youngcy01,1891,1905,15,137.28,9.15,6.1 / 13.0 / 10.6 / 8.5 / 11.6 / 10.5 / 6.8 / 7.6 / 8.2 / 7.1 / 12.4 / 10.1 / 8.1 / 9.6 / 7.1,Pitcher,P,CLV,Mixed,24,FALSE,0,-1.52,138.8
5,3,Tris Speaker,speaktr01,1909,1923,15,115.24,7.68,6.3 / 7.6 / 6.2 / 10.1 / 8.8 / 9.9 / 7.1 / 8.9 / 7.9 / 5.8 / 5.4 / 8.7 / 6.6 / 6.9 / 9.1,Hitter,OF,BOS,AL,21,TRUE,0,115.31,-0.07
5,4,Stan Musial,musiast01,1942,1957,15,113.95,7.6,5.3 / 9.5 / 8.9 / 9.3 / 5.1 / 11.3 / 9.1 / 7.2 / 8.8 / 7.5 / 7.6 / 6.5 / 6.2 / 5.5 / 6.1,Hitter,OF,STL,NL,21,FALSE,1,113.95,0
5,5,Honus Wagner,wagneho01,1899,1912,14,112.9,8.06,6.0 / 6.8 / 7.2 / 7.3 / 7.6 / 8.3 / 10.2 / 9.3 / 9.0 / 11.5 / 9.2 / 5.4 / 6.8 / 8.4,Hitter,SS,PIT,NL,25,FALSE,0,112.91,-0.01
5,6,Mike Schmidt,schmimi01,1974,1987,14,103.52,7.39,9.7 / 7.7 / 8.0 / 8.8 / 6.2 / 7.9 / 8.9 / 7.7 / 7.4 / 6.9 / 7.0 / 5.0 / 6.2 / 6.1,Hitter,3B,PHI,NL,24,TRUE,0,103.52,0
5,7,Willie Mays,mayswi01,1954,1966,13,124.09,9.55,10.4 / 9.2 / 7.6 / 8.3 / 10.2 / 7.8 / 9.5 / 8.7 / 10.5 / 10.6 / 11.0 / 11.2 / 9.0,Hitter,OF,SFG,NL,23,FALSE,0,124.09,0
5,8,Ty Cobb,cobbty01,1907,1919,13,105.35,8.1,6.8 / 6.2 / 9.9 / 10.3 / 10.5 / 8.8 / 7.0 / 5.5 / 9.5 / 8.0 / 11.0 / 6.4 / 5.4,Hitter,OF,DET,AL,20,TRUE,0,105.36,-0.01
5,9,Kid Nichols,nichoki01,1890,1901,12,109.05,9.09,13.0 / 9.3 / 8.8 / 11.7 / 8.2 / 9.5 / 6.2 / 11.1 / 11.8 / 7.6 / 5.0 / 6.8,Pitcher,P,ATL,NL,20,FALSE,0,-0.56,109.61
5,10,Lou Gehrig,gehrilo01,1926,1937,12,105.48,8.79,6.9 / 11.8 / 9.5 / 7.5 / 9.6 / 8.6 / 8.2 / 7.1 / 10.0 / 8.3 / 9.7 / 8.2,Hitter,1B,NYY,AL,23,FALSE,0,105.48,0
6,1,Cy Young,youngcy01,1891,1905,15,137.28,9.15,6.1 / 13.0 / 10.6 / 8.5 / 11.6 / 10.5 / 6.8 / 7.6 / 8.2 / 7.1 / 12.4 / 10.1 / 8.1 / 9.6 / 7.1,Pitcher,P,CLV,Mixed,24,FALSE,0,-1.52,138.8
6,2,Hank Aaron,aaronha01,1955,1969,15,118.31,7.89,6.2 / 7.2 / 8.0 / 7.3 / 8.6 / 8.0 / 9.4 / 8.6 / 9.1 / 6.8 / 7.9 / 7.8 / 8.5 / 6.8 / 8.0,Hitter,OF,ATL,NL,21,FALSE,0,118.31,0
6,3,Willie Mays,mayswi01,1954,1966,13,124.09,9.55,10.4 / 9.2 / 7.6 / 8.3 / 10.2 / 7.8 / 9.5 / 8.7 / 10.5 / 10.6 / 11.0 / 11.2 / 9.0,Hitter,OF,SFG,NL,23,FALSE,0,124.09,0
6,4,Lou Gehrig,gehrilo01,1926,1937,12,105.48,8.79,6.9 / 11.8 / 9.5 / 7.5 / 9.6 / 8.6 / 8.2 / 7.1 / 10.0 / 8.3 / 9.7 / 8.2,Hitter,1B,NYY,AL,23,FALSE,0,105.48,0
6,5,Honus Wagner,wagneho01,1899,1909,11,92.42,8.4,6.0 / 6.8 / 7.2 / 7.3 / 7.6 / 8.3 / 10.2 / 9.3 / 9.0 / 11.5 / 9.2,Hitter,SS,PIT,NL,25,FALSE,0,92.43,-0.01
6,6,Barry Bonds,bondsba01,1988,1998,11,90.58,8.23,6.2 / 8.0 / 9.7 / 8.0 / 9.0 / 9.9 / 6.2 / 7.5 / 9.6 / 8.2 / 8.1,Hitter,OF,SFG,NL,23,TRUE,0,90.58,0
6,7,Mike Schmidt,schmimi01,1974,1984,11,86.23,7.84,9.7 / 7.7 / 8.0 / 8.8 / 6.2 / 7.9 / 8.9 / 7.7 / 7.4 / 6.9 / 7.0,Hitter,3B,PHI,NL,24,TRUE,0,86.23,0
6,8,Walter Johnson,johnswa01,1910,1919,10,120.26,12.03,11.0 / 9.0 / 15.4 / 16.6 / 13.1 / 12.8 / 11.2 / 8.4 / 11.8 / 11.0,Pitcher,P,MIN,AL,22,TRUE,0,8.85,111.41
6,9,Kid Nichols,nichoki01,1890,1899,10,97.28,9.73,13.0 / 9.3 / 8.8 / 11.7 / 8.2 / 9.5 / 6.2 / 11.1 / 11.8 / 7.6,Pitcher,P,ATL,NL,20,FALSE,0,-1.52,98.8
6,10,Babe Ruth,ruthba01,1916,1924,9,92.22,10.25,10.4 / 8.6 / 7.0 / 10.0 / 11.8 / 12.6 / 6.4 / 14.1 / 11.3,Two-way / mixed,OF,NYY,AL,21,TRUE,0,74.18,18.04
7,1,Willie Mays,mayswi01,1954,1966,13,124.09,9.55,10.4 / 9.2 / 7.6 / 8.3 / 10.2 / 7.8 / 9.5 / 8.7 / 10.5 / 10.6 / 11.0 / 11.2 / 9.0,Hitter,OF,SFG,NL,23,FALSE,0,124.09,0
7,2,Lou Gehrig,gehrilo01,1927,1937,11,98.58,8.96,11.8 / 9.5 / 7.5 / 9.6 / 8.6 / 8.2 / 7.1 / 10.0 / 8.3 / 9.7 / 8.2,Hitter,1B,NYY,AL,24,FALSE,0,98.58,0
7,3,Walter Johnson,johnswa01,1910,1919,10,120.26,12.03,11.0 / 9.0 / 15.4 / 16.6 / 13.1 / 12.8 / 11.2 / 8.4 / 11.8 / 11.0,Pitcher,P,MIN,AL,22,TRUE,0,8.85,111.41
7,4,Honus Wagner,wagneho01,1901,1909,9,79.58,8.84,7.2 / 7.3 / 7.6 / 8.3 / 10.2 / 9.3 / 9.0 / 11.5 / 9.2,Hitter,SS,PIT,NL,27,FALSE,0,79.51,0.07
7,5,Cy Young,youngcy01,1898,1905,8,70.14,8.77,7.6 / 8.2 / 7.1 / 12.4 / 10.1 / 8.1 / 9.6 / 7.1,Pitcher,P,BOS,Mixed,31,FALSE,0,1.94,68.2
7,6,Albert Pujols,pujolal01,2003,2010,8,69.25,8.66,8.6 / 8.5 / 8.4 / 8.5 / 8.7 / 9.2 / 9.7 / 7.5,Hitter,1B,STL,NL,23,FALSE,0,69.25,0
7,7,Hank Aaron,aaronha01,1956,1963,8,66.26,8.28,7.2 / 8.0 / 7.3 / 8.6 / 8.0 / 9.4 / 8.6 / 9.1,Hitter,OF,ATL,NL,22,FALSE,0,66.26,0
7,8,Babe Ruth,ruthba01,1926,1932,7,71.72,10.25,11.4 / 12.6 / 10.2 / 8.1 / 10.5 / 10.6 / 8.5,Hitter,OF,NYY,AL,31,FALSE,0,71.5,0.22
7,9,Christy Mathewson,mathech01,1907,1913,7,64.23,9.18,8.8 / 11.8 / 10.6 / 9.1 / 8.2 / 8.5 / 7.2,Pitcher,P,SFG,NL,26,FALSE,0,2.7,61.53
7,10,Jim McCormick,mccorji01,1879,1884,6,61.52,10.25,9.8 / 10.8 / 7.0 / 10.9 / 8.2 / 14.8,Pitcher,P,CBL,NL,22,FALSE,0,0.52,61
8,1,Walter Johnson,johnswa01,1910,1919,10,120.26,12.03,11.0 / 9.0 / 15.4 / 16.6 / 13.1 / 12.8 / 11.2 / 8.4 / 11.8 / 11.0,Pitcher,P,MIN,AL,22,TRUE,0,8.85,111.41
8,2,Babe Ruth,ruthba01,1926,1932,7,71.72,10.25,11.4 / 12.6 / 10.2 / 8.1 / 10.5 / 10.6 / 8.5,Hitter,OF,NYY,AL,31,FALSE,0,71.5,0.22
8,3,Willie Mays,mayswi01,1960,1966,7,70.55,10.08,9.5 / 8.7 / 10.5 / 10.6 / 11.0 / 11.2 / 9.0,Hitter,OF,SFG,NL,29,FALSE,0,70.55,0
8,4,Albert Pujols,pujolal01,2003,2009,7,61.72,8.82,8.6 / 8.5 / 8.4 / 8.5 / 8.7 / 9.2 / 9.7,Hitter,1B,STL,NL,23,FALSE,0,61.72,0
8,5,Kid Nichols,nichoki01,1890,1895,6,60.44,10.07,13.0 / 9.3 / 8.8 / 11.7 / 8.2 / 9.5,Pitcher,P,ATL,NL,20,FALSE,0,-0.99,61.43
8,6,Ted Williams,willite01,1941,1949,6,58.22,9.7,10.4 / 10.4 / 10.6 / 9.5 / 8.3 / 9.0,Hitter,OF,BOS,AL,22,FALSE,3,58.22,0
8,7,Honus Wagner,wagneho01,1904,1909,6,57.45,9.57,8.3 / 10.2 / 9.3 / 9.0 / 11.5 / 9.2,Hitter,SS,PIT,NL,30,FALSE,0,57.45,0
8,8,Christy Mathewson,mathech01,1907,1912,6,57.07,9.51,8.8 / 11.8 / 10.6 / 9.1 / 8.2 / 8.5,Pitcher,P,SFG,NL,26,FALSE,0,2.68,54.39
8,9,Cy Young,youngcy01,1892,1896,5,54.26,10.85,13.0 / 10.6 / 8.5 / 11.6 / 10.5,Pitcher,P,CLV,NL,25,FALSE,0,-2.31,56.57
8,10,Joe Morgan,morgajo02,1972,1976,5,47.79,9.56,9.3 / 9.3 / 8.6 / 11.0 / 9.6,Hitter,2B,CIN,NL,28,FALSE,0,47.79,0
10,1,Walter Johnson,johnswa01,1912,1916,5,69.13,13.83,15.4 / 16.6 / 13.1 / 12.8 / 11.2,Pitcher,P,MIN,AL,24,FALSE,0,5.44,63.69
10,2,Tommy Bond,bondto01,1876,1879,4,49.64,12.41,10.4 / 11.5 / 13.4 / 14.3,Pitcher,P,ATL,NL,20,FALSE,0,-0.72,50.36
10,3,Willie Mays,mayswi01,1962,1965,4,43.36,10.84,10.5 / 10.6 / 11.0 / 11.2,Hitter,OF,SFG,NL,31,FALSE,0,43.36,0
10,4,Babe Ruth,ruthba01,1926,1928,3,34.13,11.38,11.4 / 12.6 / 10.2,Hitter,OF,NYY,AL,31,FALSE,0,34.13,0
10,5,Bob Gibson,gibsobo01,1968,1970,3,33.21,11.07,11.9 / 11.3 / 10.1,Pitcher,P,STL,NL,32,FALSE,0,2.69,30.52
10,6,Bob Caruthers,carutbo01,1885,1887,3,32.26,10.75,10.0 / 11.6 / 10.7,Two-way / mixed,Two-way,STL,Other (AA/UA/PL/FL),21,FALSE,0,8.32,23.94
10,7,Ted Williams,willite01,1941,1946,3,31.38,10.46,10.4 / 10.4 / 10.6,Hitter,OF,BOS,AL,22,FALSE,3,31.38,0
10,8,Old Hoss Radbourn,radboch01,1883,1884,2,33.75,16.88,14.3 / 19.4,Pitcher,P,PRO,NL,28,FALSE,0,1.5,32.25
10,9,Jim Devlin,devliji01,1876,1877,2,31.7,15.85,18.3 / 13.4,Pitcher,P,LGR,NL,27,FALSE,0,0.86,30.84
10,10,Amos Rusie,rusieam01,1893,1894,2,24.91,12.46,11.2 / 13.7,Pitcher,P,SFG,NL,22,FALSE,0,0.21,24.7
