threshold,run_len,players
4,1,2510
4,2,1077
4,3,599
4,4,367
4,5,243
4,6,163
4,7,102
4,8,65
4,9,45
4,10,31
4,11,26
4,12,21
4,13,14
4,14,10
4,15,5
4,16,3
4,17,2
4,18,1
5,1,1605
5,2,607
5,3,334
5,4,184
5,5,115
5,6,72
5,7,46
5,8,29
5,9,22
5,10,17
5,11,16
5,12,12
5,13,7
5,14,5
5,15,3
5,16,1
5,17,1
6,1,972
6,2,328
6,3,168
6,4,92
6,5,47
6,6,31
6,7,21
6,8,16
6,9,11
6,10,9
6,11,7
6,12,4
6,13,3
6,14,2
6,15,2
7,1,575
7,2,172
7,3,88
7,4,45
7,5,25
7,6,16
7,7,9
7,8,7
7,9,4
7,10,3
7,11,2
7,12,1
7,13,1
8,1,310
8,2,87
8,3,43
8,4,24
8,5,11
8,6,7
8,7,4
8,8,1
8,9,1
8,10,1
10,1,97
10,2,24
10,3,6
10,4,3
10,5,1
