yearID,median_team_G,std_G,short_flag,pace_factor
1900,141,154,FALSE,1
1901,138.5,156,FALSE,1
1902,139.5,156,FALSE,1
1903,139,156,FALSE,1
1904,156,156,FALSE,1
1905,155,156,FALSE,1
1906,154,156,FALSE,1
1907,155,156,FALSE,1
1908,155,156,FALSE,1
1909,155,156,FALSE,1
1910,156,156,FALSE,1
1911,154,157,FALSE,1
1912,154,157,FALSE,1
1913,154.5,157,FALSE,1
1914,157,157,FALSE,1
1915,155,157,FALSE,1
1916,156,157,FALSE,1
1917,156,157,FALSE,1
1918,126,156,TRUE,1.2380952380952381
1919,140,156,TRUE,1.1142857142857143
1920,154,156,FALSE,1
1921,154,155,FALSE,1
1922,155,155,FALSE,1
1923,154,155,FALSE,1
1924,154,155,FALSE,1
1925,153,155,FALSE,1
1926,155,155,FALSE,1
1927,155,155,FALSE,1
1928,154,155,FALSE,1
1929,154,155,FALSE,1
1930,154,155,FALSE,1
1931,154.5,154.5,FALSE,1
1932,154,154.5,FALSE,1
1933,153,154.5,FALSE,1
1934,153,155,FALSE,1
1935,154,155,FALSE,1
1936,154.5,155,FALSE,1
1937,155,155,FALSE,1
1938,152.5,155.5,FALSE,1
1939,153.5,155.5,FALSE,1
1940,155,155.5,FALSE,1
1941,155.5,155.5,FALSE,1
1942,154,155.5,FALSE,1
1943,155,155.5,FALSE,1
1944,155,155.5,FALSE,1
1945,154,155,FALSE,1
1946,155,155,FALSE,1
1947,155,155,FALSE,1
1948,155,155,FALSE,1
1949,155,155,FALSE,1
1950,154.5,155,FALSE,1
1951,155,155,FALSE,1
1952,155,155,FALSE,1
1953,155,155,FALSE,1
1954,154,155,FALSE,1
1955,154,155,FALSE,1
1956,155,155,FALSE,1
1957,154,155,FALSE,1
1958,154,161,FALSE,1
1959,154.5,162,FALSE,1
1960,154,162,FALSE,1
1961,161,162,FALSE,1
1962,162,162,FALSE,1
1963,162,162,FALSE,1
1964,162,162,FALSE,1
1965,162,162,FALSE,1
1966,162,162,FALSE,1
1967,162,162,FALSE,1
1968,162,162,FALSE,1
1969,162,162,FALSE,1
1970,162,162,FALSE,1
1971,162,162,FALSE,1
1972,155,162,FALSE,1
1973,162,162,FALSE,1
1974,162,162,FALSE,1
1975,162,162,FALSE,1
1976,162,162,FALSE,1
1977,162,162,FALSE,1
1978,162,162,FALSE,1
1979,162,162,FALSE,1
1980,162,162,FALSE,1
1981,107.5,162,TRUE,1.5069767441860464
1982,162,162,FALSE,1
1983,162,162,FALSE,1
1984,162,162,FALSE,1
1985,162,162,FALSE,1
1986,162,162,FALSE,1
1987,162,162,FALSE,1
1988,162,162,FALSE,1
1989,162,162,FALSE,1
1990,162,162,FALSE,1
1991,162,162,FALSE,1
1992,162,162,FALSE,1
1993,162,162,FALSE,1
1994,114.5,162,TRUE,1.4148471615720524
1995,144,162,TRUE,1.125
1996,162,162,FALSE,1
1997,162,162,FALSE,1
1998,162,162,FALSE,1
1999,162,162,FALSE,1
2000,162,162,FALSE,1
2001,162,162,FALSE,1
2002,162,162,FALSE,1
2003,162,162,FALSE,1
2004,162,162,FALSE,1
2005,162,162,FALSE,1
2006,162,162,FALSE,1
2007,162,162,FALSE,1
2008,162,162,FALSE,1
2009,162,162,FALSE,1
2010,162,162,FALSE,1
2011,162,162,FALSE,1
2012,162,162,FALSE,1
2013,162,162,FALSE,1
2014,162,162,FALSE,1
2015,162,162,FALSE,1
2016,162,162,FALSE,1
2017,162,162,FALSE,1
2018,162,162,FALSE,1
2019,162,162,FALSE,1
2020,60,162,TRUE,2.7
2021,162,162,FALSE,1
2022,162,162,FALSE,1
2023,162,162,FALSE,1
2024,162,162,FALSE,1
