name,k,mode,window,seasons_skipped,WAR,war_seq
Bob Feller,2,service-adjusted,1939-1940,0,19.5,9.7 / 9.8
Bob Feller,2,strict,1939-1940,0,19.5,9.7 / 9.8
Bob Feller,5,service-adjusted,1939-1946,3,39.5,9.7 / 9.8 / 8.2 / 2.1 / 9.7
Bob Feller,5,strict,1937-1941,0,35.9,3.1 / 5.1 / 9.7 / 9.8 / 8.2
Joe DiMaggio,2,service-adjusted,1940-1941,0,16.4,7.1 / 9.3
Joe DiMaggio,2,strict,1940-1941,0,16.4,7.1 / 9.3
Joe DiMaggio,5,service-adjusted,1937-1941,0,38.6,8.4 / 5.6 / 8.2 / 7.1 / 9.3
Joe DiMaggio,5,strict,1937-1941,0,38.6,8.4 / 5.6 / 8.2 / 7.1 / 9.3
Johnny Mize,2,service-adjusted,1939-1940,0,14.7,7.4 / 7.3
Johnny Mize,2,strict,1939-1940,0,14.7,7.4 / 7.3
Johnny Mize,5,service-adjusted,1937-1941,0,33,6.6 / 6.4 / 7.4 / 7.3 / 5.3
Johnny Mize,5,strict,1937-1941,0,33,6.6 / 6.4 / 7.4 / 7.3 / 5.3
Stan Musial,2,service-adjusted,1948-1949,0,20.4,11.3 / 9.1
Stan Musial,2,strict,1948-1949,0,20.4,11.3 / 9.1
Stan Musial,5,service-adjusted,1943-1948,1,44.1,9.5 / 8.9 / 9.3 / 5.1 / 11.3
Stan Musial,5,strict,1948-1952,0,43.9,11.3 / 9.1 / 7.2 / 8.8 / 7.5
Ted Williams,2,service-adjusted,1942-1946,3,21,10.4 / 10.6
Ted Williams,2,strict,1941-1942,0,20.8,10.4 / 10.4
Ted Williams,5,service-adjusted,1941-1948,3,49.2,10.4 / 10.4 / 10.6 / 9.5 / 8.3
Ted Williams,5,strict,1946-1950,0,41.3,10.6 / 9.5 / 8.3 / 9.0 / 3.8
Willie Mays,2,service-adjusted,1964-1965,0,22.2,11.0 / 11.2
Willie Mays,2,strict,1964-1965,0,22.2,11.0 / 11.2
Willie Mays,5,service-adjusted,1962-1966,0,52.3,10.5 / 10.6 / 11.0 / 11.2 / 9.0
Willie Mays,5,strict,1962-1966,0,52.3,10.5 / 10.6 / 11.0 / 11.2 / 9.0
