name,year_a,year_b,years_missing,WAR_a,WAR_b,WAR_pair,min_WAR
Ted Williams,1942,1946,3,10.4,10.6,21,10.4
Tony Mullane,1884,1886,1,13.2,5.2,18.4,5.2
Stan Musial,1944,1946,1,8.9,9.3,18.3,8.9
Sam Weaver,1878,1882,3,10.2,6.6,16.8,6.6
Kid Nichols,1901,1904,2,6.8,8.5,15.2,6.8
Amos Rusie,1895,1897,1,6,8.3,14.3,6
Johnny Pesky,1942,1946,3,6.1,7.2,13.3,6.1
Johnny Mize,1942,1946,3,6.4,6.4,12.7,6.4
Pee Wee Reese,1942,1946,3,6.1,6.1,12.2,6.1
Bobby Doerr,1944,1946,1,6.3,5.6,11.9,5.6
Fernando Tatis,2021,2023,1,6.6,5.2,11.8,5.2
Willie Mays,1952,1954,1,1.2,10.4,11.7,1.2
Joe DiMaggio,1942,1946,3,6.4,5.2,11.6,5.2
Enos Slaughter,1942,1946,3,6.8,4.8,11.5,4.8
Tex Hughson,1944,1946,1,5.8,5.6,11.4,5.6
