k,player,best_window,WAR,rank_among_players
2,Babe Ruth,1923-1924,25.5,8
3,Babe Ruth,1919-1921,34.4,7
5,Babe Ruth,1920-1924,56.2,2
2,Barry Bonds,2001-2002,23.6,13
3,Barry Bonds,2001-2003,32.8,13
5,Barry Bonds,2000-2004,51.1,10
2,Bob Gibson,1968-1969,23.2,14
3,Bob Gibson,1968-1970,33.2,10
5,Bob Gibson,1968-1972,46,24
2,Greg Maddux,1994-1995,18.3,76
3,Greg Maddux,1994-1996,25.5,75
5,Greg Maddux,1992-1996,40.6,50
2,Mickey Mantle,1956-1957,22.6,22
3,Mickey Mantle,1955-1957,32.1,18
5,Mickey Mantle,1954-1958,47.7,19
2,Mike Trout,2015-2016,19.9,49
3,Mike Trout,2014-2016,27.6,46
5,Mike Trout,2012-2016,47.1,22
2,Roger Clemens,1997-1998,20.2,45
3,Roger Clemens,1996-1998,28,40
5,Roger Clemens,1986-1990,41.4,47
2,Shohei Ohtani,2022-2023,19.6,53
3,Shohei Ohtani,2022-2024,28.6,36
5,Shohei Ohtani,2020-2024,37.1,80
2,Ted Williams,1941-1942,20.8,36
3,Ted Williams,1946-1948,28.4,38
5,Ted Williams,1946-1950,41.3,48
2,Willie Mays,1964-1965,22.2,26
3,Willie Mays,1963-1965,32.9,11
5,Willie Mays,1962-1966,52.3,6
