playerID,gap_years,note
willite01,1943;1944;1945;1952;1953,Ted Williams: WWII Navy/Marine aviator (1943-45); Korean War (most of 1952-53; 6 G in 1952 and 37 G in 1953 appear in the data as tiny seasons)
dimagjo01,1943;1944;1945,Joe DiMaggio: Army Air Forces
fellebo01,1942;1943;1944,Bob Feller: Navy (enlisted Dec 1941; returned late 1945 so 1945 appears as a partial season)
musiast01,1945,Stan Musial: Navy
greenha01,1942;1943;1944,Hank Greenberg: Army/Army Air Forces (1941 and 1945 are partial seasons)
mizejo01,1943;1944;1945,Johnny Mize: Navy
spahnwa01,1943;1944;1945,Warren Spahn: Army (combat); only a cup of coffee in 1942
slaugen01,1943;1944;1945,Enos Slaughter: Army Air Forces
reesepe01,1943;1944;1945,Pee Wee Reese: Navy
rizzuph01,1943;1944;1945,Phil Rizzuto: Navy
mayswi01,1953,Willie Mays: Army (most of 1952 and all of 1953; 1952 is a 34-game partial season)
fordwh01,1951;1952,Whitey Ford: Army
newcodo01,1952;1953,Don Newcombe: Army
